rank,company-content,company href,growth,industry,state,city,rank (2),company-content (2),growth (2),industry (2),state (2),city (2),rank (3),company-content (3),growth (3),industry (3),state (3),city (3),rank (4),company-content (4),growth (4),industry (4),state (4),city (4),rank (5),company-content (5),growth (5),industry (5),state (5),city (5),rank (6),company-content (6),growth (6),industry (6),state (6),city (6),rank (7),company-content (7),company href (2),growth (7),industry (7),state (7),city (7),rank (8),company-content (8),growth (8),state (8),city (8),rank (9),company-content (9),growth (9),industry (8),state (9),city (9),rank (10),company-content (10),growth (10),industry (9),state (10),city (10),industry (10)
1,Litle & Co.,https://inc.com/magazine/20060901/hidi-litle.html,"5,629%",Financial Services,Massachusetts,Lowell,2,Airborne Health,"4,673%",Consumer Products,Florida,Bonita Springs,3,Digital Lifestyle Outfitters,"4,385%",Consumer Products,South Carolina,Charleston,4,Edible Arrangements,"4,383%",Retail,Georgia,Atlanta,5,SunRx,"3,877%",Health Services,New Jersey,Cherry Hill,6,United Bank Card,"3,845%",Financial Services,Pennsylvania,Allentown,7,Method Products,https://inc.com/tim-crino/heres-why-method-products-eric-ryan-used-to-take-a-shift-at-reception-desk.html,"3,390%",Consumer Products,California,San Francisco,8,StubHub,"3,248%",California,San Francisco,9,Ancillary Care Management,"2,942%",Health Services,Minnesota,Eden Prairie,10,MemberHealth,"2,858%",Health Services,Ohio,Solon,
11,Evolve Manufacturing Technologies,,"2,845%",Financial Services,Illinois,Chicago,12,Advanced Equities Financial,"2,786%",Logistics & Transportation,Nevada,North Las Vegas,13,Silver State Helicopters,"2,631%",Retail,Nebraska,Omaha,14,NetShops,"2,322%",Telecommunications,Arizona,Scottsdale,15,PatchLink,"2,306%",Manufacturing,South Carolina,Greenville,16,Global Performance,"2,272%",Logistics & Transportation,North Carolina,Cary,17,Visionary Solutions,,"2,272%",,Pennsylvania,Chalfont,18,Bandwidth.com,"2,240%",Alaska,Anchorage,19,Mercer Staffing,"2,121%",,California,Mountain View,20,Immediate-Care,"2,116%",,Tennessee,Oak Ridge,
21,The Macaluso Group,,"2,088%",Health Services,New Jersey,Fairfield,22,OpenPages,"2,033%",Advertising & Marketing,Massachusetts,Waltham,23,Booyah Networks,"2,017%",IT Services,Colorado,Westminster,24,LanceSoft,"1,982%",Consumer Products,Virginia,Herndon,25,Video Gaming Technologies,"1,957%",Human Resources,Tennessee,Brentwood,26,WageWorks,"1,802%",Financial Services,California,San Mateo,27,C&B Services,,"1,792%",Government Services,Texas,Port Neches,28,Resurgence Financial,"1,774%",Illinois,Northbrook,29,ITSolutions,"1,737%",Real Estate,Maryland,Silver Spring,30,Clear Capital,"1,721%",,California,Truckee,
31,Advanced Planning Services,,"1,692%",Financial Services,California,San Diego,32,Valley Healthcare Systems,"1,619%",Business Products & Services,California,Gold River,33,Sirius Solutions,"1,613%",Government Services,Texas,Houston,34,Insitu,"1,506%",Retail,Washington,Bingen,35,One Way Furniture,"1,495%",Real Estate,New York,Farmingdale,36,TIC Properties,"1,471%",Software,South Carolina,Greenville,37,Veristor Systems,,"1,466%",Construction,Georgia,Duluth,38,Wendel Companies,"1,452%",New York,Williamsville,39,DataSynapse,"1,416%",IT Services,New York,New York City,40,Merlin Technical Solutions,"1,413%",,Colorado,Greenwood Village,
41,Speck,,"1,310%",Consumer Products,California,Mountain View,42,Kurtzman Carson Consultants,"1,307%",Financial Services,California,El Segundo,43,NightHawk Radiology Services,"1,273%",Real Estate,Idaho,Coeur d'Alene,44,Bell-Corley Construction,"1,267%",Security,Arkansas,Little Rock,45,Group9,"1,217%",IT Services,Pennsylvania,Langhorne,46,Everything Furniture,"1,204%",IT Services,California,Corona,47,ARES International Security,,"1,198%",,Virginia,Alexandria,48,Study Island,"1,192%",Texas,Dallas,49,The Experts,"1,186%",,Florida,Fort Lauderdale,50,Attic Technologies,"1,180%",,New Jersey,Edison,
51,Mainthia Technologies,https://inc.com/jeff-haden/the-mental-journey-from-start-up-to-ipo.html,"1,174%",Government Services,Ohio,Cleveland,52,Visicu,"1,170%",Real Estate,Maryland,Baltimore,53,RealtyTrac,"1,158%",Retail,California,Irvine,55,The Merrick Group,"1,139%",Software,Texas,Stafford,56,Providus,"1,139%",Human Resources,Indiana,Indianapolis,57,Mont Blanc Gourmet,"1,131%",Food & Beverage,Texas,Houston,58,ExactTarget,,"1,129%",Energy,Colorado,Denver,60,ConsumerPowerline,"1,102%",New York,New York City,61,Platinum Solutions,"1,086%",Government Services,Virginia,Reston,62,Intelligent Software Solutions,"1,077%",Software,Colorado,Colorado Springs,
63,Vibrant Media,,"1,071%",Media,New York,New York City,64,Master Key Consulting,"1,069%",Business Products & Services,Maryland,Bethesda,65,ThePlatform,"1,058%",Business Products & Services,Washington,Seattle,66,Logoworks,"1,053%",Media,Utah,Lindon,67,Omniture,"1,052%",Health Services,Utah,Orem,68,Techlink Northwest,"1,052%",,Washington,Bellevue,69,Bayside Solutions,,"1,050%",,California,Pleasanton,70,Burt and Associates,"1,029%",Texas,Richardson,71,Limelight Networks,"1,025%",,Arizona,Tempe,72,Spheris,"1,020%",,Tennessee,Franklin,
73,Axiom Law,,"1,014%",Business Products & Services,New York,New York City,74,Solebury International,"1,007%",Food & Beverage,Pennsylvania,Line Lexington,75,Odesus,"1,002%",Financial Services,California,Los Angeles,76,CMS Forex,983%,Advertising & Marketing,New York,New York City,77,Big Communications,962%,Food & Beverage,Michigan,Ferndale,78,Stirrings,959%,Retail,Massachusetts,Fall River,79,Zappos,,948%,Business Products & Services,Nevada,Henderson,80,MostChoice.com,947%,Georgia,Atlanta,81,Equity Consultants,945%,Real Estate,Ohio,Richfield,82,Five Point Capital,945%,Business Products & Services,California,San Diego,
83,SchoolDude.com,,936%,Education,North Carolina,Cary,84,iLight Technologies,930%,Advertising & Marketing,Illinois,Chicago,85,nFusion,922%,Retail,Texas,Austin,86,Coast to Coast Tickets,915%,IT Services,Texas,Austin,87,Flatirons Solutions,913%,Human Resources,California,Irvine,88,Beacon Hill Staffing Group,908%,Retail,Massachusetts,Boston,89,American Capital Financial Services,,906%,IT Services,California,Elk Grove,90,Eforcity,905%,California,El Monte,91,Induslogic,900%,,Virginia,Vienna,92,TechDemocracy,899%,,New Jersey,Edison,
93,GMI (Global Market Insite),https://inc.com/jeremy-quittner/run-drama-free-family-business.html,895%,Advertising & Marketing,Washington,Bellevue,94,Convergenz,895%,Human Resources,Virginia,Vienna,95,Vology,895%,IT Services,Florida,Clearwater,96,EMA Design Automation,895%,Human Resources,Texas,Dallas,97,SchoolNet,892%,Software,New York,Rochester,98,Hudson & Keyse,891%,Education,New York,New York City,99,Pinnacle Group,,886%,Financial Services,Ohio,Painesville,100,The Planet,884%,Texas,Houston,101,CashEdge,882%,IT Services,New York,New York City,102,Information Innovators,878%,Software,Virginia,Springfield,Government Services
103,Summit Mortgage,,877%,Retail,Massachusetts,Boston,104,Turn5,876%,Software,Pennsylvania,Malvern,105,Tangoe,870%,Advertising & Marketing,Connecticut,Orange,106,Media Storm,870%,Advertising & Marketing,Connecticut,Norwalk,107,Promopeddler.com,865%,Software,Oregon,Sherwood,108,Nextance,863%,Business Products & Services,California,Redwood City,109,eTelecare Global Solutions,,859%,Insurance,Arizona,Scottsdale,110,AdminServer,857%,Pennsylvania,Chester,111,iBiquity Digital,855%,Construction,Maryland,Columbia,112,RMA Land Construction,848%,,California,Anaheim,
113,H2H Solutions,,845%,IT Services,Michigan,Wixom,114,Binary Consulting,840%,Health Services,Maryland,Bethesda,115,Greenway Medical Technologies,837%,Education,Georgia,Carrollton,116,TGC Homes,836%,Construction,Arizona,Flagstaff,116,TrainingPro,835%,Business Products & Services,Maryland,Hunt Valley,117,Laminate US,834%,Health Services,Florida,Coral Springs,118,Guy Brown Products,,833%,Construction,Tennessee,Brentwood,119,Wellpartner,822%,Oregon,Portland,120,Pacific Columns,819%,IT Services,California,Brea,121,IPower,801%,,Arizona,Phoenix,
122,HealthTrans,,799%,Health Services,Colorado,Greenwood Village,123,WhitePages.com,795%,Business Products & Services,Washington,Seattle,124,Allied Trade Group,794%,Retail,Washington,Kirkland,125,PremierGarage,789%,Retail,Arizona,Phoenix,126,Gould & Lamb,788%,Insurance,Florida,Bradenton,127,Mobius Partners,786%,IT Services,Texas,San Antonio,128,STG International,,784%,Government Services,Virginia,Alexandria,129,Albar Precious Metal Refining,775%,Florida,Pompano Beach,130,Ketera Technologies,768%,Manufacturing,California,Santa Clara,131,Cascades Technologies,759%,Software,Virginia,Herndon,Government Services
132,Totally Tickets,https://inc.com/news/briefs/200612/1205indy.html,759%,Retail,Oklahoma,Norman,133,Myers-Holum,746%,Business Products & Services,New York,New York City,134,High Wire Networks,744%,Business Products & Services,Illinois,Batavia,135,RenewData,744%,Business Products & Services,Texas,Austin,136,FX Solutions,744%,Financial Services,New Jersey,Saddle River,137,PartsSource,742%,IT Services,Arizona,Scottsdale,138,GoDaddy.com,,740%,Health Services,Ohio,Aurora,139,University Instructors,736%,Virginia,Richmond,140,Commodity Sourcing Group,732%,Education,Michigan,Detroit,141,SysMind,731%,IT Services,New Jersey,Skillman,
142,Saicon Consultants,,731%,IT Services,Kansas,Overland Park,143,Atlas Marketing Group,731%,Advertising & Marketing,Utah,Provo,144,Priority Leasing,728%,Logistics & Transportation,Massachusetts,Melrose,145,Best Deal Car Service,714%,IT Services,New York,Bronx,146,Telesis,714%,Human Resources,Virginia,McLean,147,All Teriors Floor Covering,712%,Security,Arizona,Tempe,148,Electronic Commerce,,707%,Computer Hardware,Indiana,Elkhart,149,Arbor Networks,701%,Massachusetts,Lexington,150,American Sentry Guard,699%,,Indiana,Greenwood,151,Chassis Plans,697%,,California,San Diego,
152,CollabraSpace,https://inc.com/managing/articles/200609/interviewepamsystems.html,694%,Business Products & Services,Maryland,Annapolis Junction,153,ExakTime Innovations,690%,Business Products & Services,California,Calabasas,154,Infoglide Software,690%,Business Products & Services,Texas,Austin,155,Uneta,689%,Human Resources,Florida,Jacksonville,156,Paycom,686%,Software,Oklahoma,Oklahoma City,157,Pinnacle Group Worldwide,685%,Consumer Products,New York,New York City,158,DollarDays International,,682%,Human Resources,Arizona,Scottsdale,159,Jobing.com,682%,Arizona,Phoenix,160,GDH Consulting,680%,Human Resources,Oklahoma,Tulsa,161,EPAM Systems,678%,IT Services,Pennsylvania,Newtown,
162,KeySource,https://inc.com/news/briefs/200703/0305prize.html,677%,Health Services,Ohio,Cincinnati,163,Century Gaming,672%,IT Services,Georgia,Atlanta,164,Backcountry.com,671%,Retail,Montana,Missoula,165,Constant Contact,669%,Advertising & Marketing,Utah,Park City,166,Return Path,669%,Advertising & Marketing,Massachusetts,Waltham,167,CustomInk,668%,Consumer Products,New York,New York City,168,SecureWorks,https://inc.com/magazine/20060901/hidi-teel.html,666%,Advertising & Marketing,Virginia,McLean,169,Brand Connections,664%,New York,New York City,170,Western Refining,663%,IT Services,Texas,El Paso,171,1 Source Consulting,660%,,District of Columbia,Washington,
172,Ruppert Nurseries,,660%,Business Products & Services,Maryland,Laytonsville,173,GPA Technologies,655%,IT Services,California,Ventura,174,Ad-Base Systems,655%,Telecommunications,Pennsylvania,Pittsburgh,175,"LEXICO, LLC",655%,Engineering,North Carolina,RALEIGH,176,Epocrates,654%,Health Services,California,San Mateo,177,Myriad Development,653%,Security,Texas,Austin,178,Deco,,652%,Food & Beverage,Minnesota,Baxter,179,Industrial Video and Control,646%,Massachusetts,Newton,180,Zencos,646%,,North Carolina,Durham,181,CandyRific,644%,,Kentucky,Louisville,
182,Majestic Properties,https://inc.com/magazine/20060901/hidi-linkner.html,642%,Retail,Florida,Miami,183,Educational Outfitters,640%,Consumer Products,Tennessee,Chattanooga,184,Christmas Lights Etc,639%,Advertising & Marketing,Georgia,Alpharetta,185,Marketing Informatics,638%,Advertising & Marketing,Michigan,Pleasant Ridge,186,Marlabs,632%,IT Services,Indiana,Indianapolis,187,SkinStore.com,629%,Construction,New Jersey,Piscataway,189,HelloWorld,,622%,,California,Gold River,190,Segue Electronics,620%,California,Los Angeles,191,EVault,620%,,California,Emeryville,192,Midwest Electric,616%,,Ohio,Groveport,
193,iCIMS,,611%,Software,New Jersey,Holmdel,194,SurePayroll,611%,Human Resources,Illinois,Glenview,195,SLR Contracting & Service,610%,Construction,New York,Buffalo,196,Total Beverage Solution,601%,Food & Beverage,South Carolina,Mt Pleasant,197,Vurv Technology,599%,Software,Florida,Jacksonville,198,DSR Management,598%,IT Services,Illinois,Evanston,199,Fishbowl Marketing,,595%,Advertising & Marketing,Virginia,Alexandria,200,DriveCam,594%,California,San Diego,201,SM Consulting,593%,Logistics & Transportation,Maryland,Linthicum,202,Wireless Toyz,593%,Government Services,Michigan,Farmington Hills,
203,Blue Canopy,https://inc.com/news/briefs/200704/0425firm.html,590%,IT Services,Virginia,Reston,204,Anjani Etech Solutions,590%,Advertising & Marketing,Michigan,Sterling Heights,205,Health Market Science,589%,IT Services,Washington,Bellevue,207,infinigy engineering,586%,Telecommunications,Pennsylvania,King of Prussia,208,Impact Design-Build,581%,Business Products & Services,New York,Albany,209,Miner Fleet Management Group,581%,Software,North Carolina,Cary,210,Ascentium,,579%,,Texas,San Antonio,211,NetQoS,578%,Texas,Austin,212,Coastal Empire Exteriors,577%,,Georgia,Savannah,213,DecisionPath Consulting,574%,,Maryland,Gaithersburg,
214,Sword & Shield Enterprise Security,,571%,Security,Tennessee,Knoxville,215,Merchants' Credit Guide,571%,Human Resources,Illinois,Chicago,216,Clovis Group,570%,Consumer Products,Maryland,Bethesda,217,Vineyard Vines,569%,Retail,Connecticut,Stamford,218,Home Decor Products,569%,IT Services,New Jersey,Edison,219,Strategic Business Systems,567%,Security,Virginia,Herndon,220,S.P.I. Dynamics,,565%,IT Services,Georgia,Atlanta,221,Croix Connect,565%,Virginia,Vienna,222,Digineer,564%,IT Services,Minnesota,Plymouth,223,Tri-Auto Enterprises,563%,Advertising & Marketing,Indiana,Indianapolis,
224,Greenleaf Book Group,https://inc.com/magazine/20060901/hidi-greenleaf.html,562%,Media,Texas,Austin,225,Mortgagebot,560%,Financial Services,Wisconsin,Mequon,226,Concert Group Logistics,560%,Logistics & Transportation,Illinois,Downers Grove,227,Silver State Mortgage,560%,Human Resources,Nevada,Las Vegas,228,FGP International,559%,Insurance,South Carolina,Greenville,229,Duck Creek Technologies,555%,Business Products & Services,Missouri,Bolivar,230,Thralow,,554%,,Minnesota,Proctor,231,Paisley Consulting,551%,Minnesota,Cokato,232,Leviathan,547%,,New York,Brooklyn,233,BuyCostumes.com,546%,,Wisconsin,New Berlin,
234,VeriCenter,,545%,IT Services,Texas,Houston,235,DHSoft,543%,IT Services,Virginia,Herndon,236,Summit Energy,541%,Manufacturing,Utah,Park City,237,Integrated Process Technologies,536%,Business Products & Services,Massachusetts,Devens,238,JCB Partners,531%,IT Services,Colorado,Denver,239,C&A Holding Co.,529%,IT Services,Colorado,Denver,240,Peak 10,,529%,IT Services,North Carolina,Charlotte,241,SDI Networks,529%,South Carolina,Greenville,242,TechNet Resources,526%,Business Products & Services,Georgia,Alpharetta,243,Blue Tech,525%,,California,San Diego,
244,Agile360,,521%,Business Products & Services,California,Irvine,245,JT Packard,521%,Manufacturing,Wisconsin,Verona,246,Image Solutions Apparel,521%,Media,California,Torrance,247,Business.com,521%,Consumer Products,California,Santa Monica,248,World Telecom Group,520%,Government Services,California,Malibu,249,Mary Frances Accessories,515%,Retail,California,Walnut Creek,250,21st Century Systems,,514%,,Nebraska,Omaha,251,MarketerNet,514%,Illinois,Chicago,252,Sunlight Saunas,512%,,Kansas,Overland Park,253,EconOffice Products & Supplies,511%,,Florida,Oldsmar,
254,White House Custom Colour,,510%,Manufacturing,Minnesota,Eagan,255,S.A. Technology,509%,Government Services,Colorado,Loveland,256,2Wire,508%,Telecommunications,California,San Jose,257,Cumberland Pharmaceuticals,507%,Health Services,Tennessee,Nashville,258,iCrossing,506%,Advertising & Marketing,Arizona,Scottsdale,259,CaseStack,505%,Logistics & Transportation,California,Santa Monica,260,Roehe & Wright Builders,,505%,Government Services,Texas,Houston,261,S4,503%,Massachusetts,Bedford,262,Bridgeline Software,502%,Real Estate,Massachusetts,Woburn,263,SCI Real Estate Investments,500%,,California,Los Angeles,
264,GeoMet,https://inc.com/magazine/201311/elaine-pofeldt/hire-power-awards-total-quality-logistics.html,499%,Security,Texas,Houston,265,Allegiant Air,498%,Manufacturing,Nevada,Las Vegas,266,Asset Protection Associates,497%,Logistics & Transportation,Georgia,Alpharetta,267,Proto Labs,497%,Business Products & Services,Minnesota,Maple Plain,268,eFashionSolutions,496%,Software,Ohio,Cincinnati,269,SkillsNET,496%,Telecommunications,New Jersey,Secaucus,270,Total Quality Logistics,,494%,,Texas,Waxahachie,271,Gimmal,494%,Texas,Houston,272,M5 Networks,491%,,New York,New York City,273,"LJ Crane, Rigging & Heavy Hauling",491%,,Rhode Island,Cranston,
274,RigNet,,490%,Energy,Texas,Houston,275,Zentech Manufacturing,490%,Retail,Maryland,Baltimore,276,RockBottomGolf.com,485%,IT Services,New York,Rochester,277,Enterprise Information Services,482%,Government Services,Virginia,Vienna,278,DEI Services,479%,Telecommunications,Florida,Winter Park,279,Goodman Networks,477%,Energy,Texas,Plano,280,Cenergy International Services,,477%,Telecommunications,Texas,Houston,281,Albridge Solutions,476%,New Jersey,Lawrenceville,282,Marc Truant & Associates,473%,,Massachusetts,Cambridge,283,GC&E Systems Group,472%,,Georgia,Norcross,
284,MILA,,470%,Business Products & Services,Washington,Mountlake Terrace,285,Cobalt Astra,469%,Government Services,Kansas,Mission,286,The Wexford Group Int'l,468%,IT Services,Virginia,Vienna,287,Intellect Technical Solutions,467%,Software,Florida,Clearwater,288,Automation Technologies,463%,Financial Services,Virginia,Vienna,289,XOS Technologies,463%,Computer Hardware,Florida,Sanford,290,Internet Transaction Solutions,,462%,,Ohio,Columbus,291,Red Peacock International,462%,California,Glendale,292,eNom,461%,,Washington,Bellevue,293,The Pepperjam Network,460%,,Pennsylvania,Wilkes-Barre,
294,Delaware Resource Group/Busey Group,,455%,Government Services,Oklahoma,Oklahoma City,295,Allconnect,454%,Consumer Products,Georgia,Atlanta,296,Vitals,453%,Health Services,New Jersey,Lyndhurst,297,Agiltron,452%,Engineering,Massachusetts,Woburn,298,Radiance Technologies,452%,Computer Hardware,Alabama,Huntsville,299,KellyMitchell,451%,Human Resources,Missouri,St Louis,300,Niche Retail,,451%,Software,Michigan,Sylvan Lake,301,Convio,447%,Texas,Austin,302,DBTS,445%,IT Services,District of Columbia,Washington,303,The Active Network,443%,Software,California,San Diego,
304,Satcom Resources,,443%,Telecommunications,Colorado,Avon,305,Bart Larsen Trucking,443%,Food & Beverage,Idaho,Roberts,306,Oregon Telecom,442%,Consumer Products,Oregon,Salem,307,Mighty Leaf Tea,441%,Software,California,San Rafael,308,American Apparel,440%,Financial Services,California,Los Angeles,309,Calypso Technology,440%,Consumer Products,California,San Francisco,310,Evergreen Homes,,440%,Education,Ohio,Akron,311,Outsource Partners International,439%,California,Los Angeles,312,SmartPak Equine,437%,,Massachusetts,Plymouth,313,Universal Accounting Center,436%,,Utah,Draper,
314,Jarrett Logistics Systems,,435%,Logistics & Transportation,Ohio,Orrville,315,Avondale Partners,434%,Financial Services,Tennessee,Nashville,316,PowerSports Network,431%,Financial Services,Wisconsin,Sussex,317,SeamlessWeb,429%,Telecommunications,New York,New York City,318,FXCM,425%,Education,New York,New York City,319,Purcell Systems,425%,,Washington,Spokane Valley,320,Shutterfly,,424%,,California,Redwood City,321,Elite Technology,421%,New York,New York City,322,Budget Blinds,420%,,California,Orange,323,Thinkronize,416%,,Ohio,Cincinnati,
324,MicroPact,,415%,Software,Virginia,Herndon,325,Gateway First Bank,415%,Financial Services,Oklahoma,Jenks,326,Diversified Mortgage,414%,Business Products & Services,California,Mammoth Lakes,327,Cynergies Solutions Group,414%,Construction,Ohio,Willoughby Hills,328,Edge Products,412%,,Utah,Ogden,329,Welocalize,409%,,Maryland,Frederick,330,Athena Technologies,,409%,,Virginia,Warrenton,331,Shewas,409%,California,Norco,332,The Kitchen Guild,409%,,Virginia,Fairfax,333,InfoReliance,405%,,Virginia,Fairfax,
334,Smooth,,405%,Health Services,Washington,Bellevue,335,McKeough Land Co.,404%,Telecommunications,Michigan,Grand Haven,336,Majestic Transportation,402%,Real Estate,Texas,Houston,337,ZirMed,402%,Computer Hardware,Kentucky,Louisville,338,5Linx,401%,,New York,Rochester,339,Magnum Logistics,400%,,Indiana,Indianapolis,340,Imagine This,,400%,,California,Santa Ana,341,At World Properties,399%,Illinois,Chicago,342,Headsets.com,398%,,California,San Francisco,343,JLT Mobile Computers,397%,,Arizona,Tempe,
344,Dorado,,396%,Construction,California,San Mateo,345,Actcom Security Solutions,395%,Business Products & Services,Virginia,Virginia Beach,346,Tusca II,395%,IT Services,Colorado,Grand Junction,347,Counsel On Call,395%,Retail,Tennessee,Brentwood,348,Ventech Solutions,395%,Construction,Ohio,Columbus,349,Spring Mobile,394%,Human Resources,Utah,Salt Lake City,350,Renovation by MyHome,,394%,Human Resources,New York,New York City,351,HRsmart,393%,Texas,Richardson,352,ICAT Logistics,393%,,Maryland,Linthicum,353,Cascade Health Services,393%,,Missouri,Kansas City,
354,Smarter Living,,391%,Media,Massachusetts,Boston,355,Docutek Imaging Solutions,390%,Business Products & Services,Florida,Deerfield Beach,356,Access Systems,390%,Government Services,Virginia,Reston,357,Ceiba Technologies,389%,Manufacturing,Arizona,Chandler,358,Innovative Solutions Consulting,389%,Government Services,Maryland,Hollywood,359,In-O-Vate Technologies,389%,Financial Services,Florida,Jupiter,360,Calnet,,388%,Financial Services,Virginia,Reston,361,Accounting Management Solutions,388%,Massachusetts,Waltham,362,GAIN Capital,387%,Government Services,New Jersey,Bedminster,363,Long Wave,387%,,Oklahoma,Oklahoma City,
364,Ensynch,,386%,IT Services,Arizona,Tempe,365,R&L Construction,386%,Software,New York,Yonkers,366,Premier Environmental Services,385%,Food & Beverage,Georgia,Marietta,367,Procuri,383%,Energy,Georgia,Atlanta,368,Dogfish Head Craft Brewery,383%,Logistics & Transportation,Delaware,Milton,369,TicketsNow.com,382%,Human Resources,Illinois,Crystal Lake,370,MXenergy,,382%,,Connecticut,Stamford,371,EagleOne Logistics,382%,Arkansas,Fort Smith,372,TechLink Systems,381%,,California,San Francisco,373,Smart Carpet,381%,,New Jersey,Manasquan,
374,MediNotes,,380%,IT Services,Iowa,West Des Moines,375,Saber,379%,Government Services,Oregon,Portland,376,Newegg,378%,Computer Hardware,California,City of Industry,377,Unidine,377%,Food & Beverage,Massachusetts,Boston,378,The Allied Power Group,376%,Energy,Texas,Houston,379,The Learning Annex,376%,Education,New York,New York City,380,MedInitiatives,,376%,Health Services,California,Rancho Cordova,381,Communispace,375%,Massachusetts,Watertown,382,ReachView Technologies,374%,Advertising & Marketing,Georgia,Atlanta,383,HireStrategy,374%,IT Services,Virginia,Reston,Human Resources
384,Call Inc.,,374%,Health Services,Pennsylvania,Doylestown,385,ArcticShield,372%,Health Services,Oklahoma,Broken Arrow,386,Sharn Veterinary,371%,Manufacturing,Florida,Tampa,387,Storm Smart,370%,Energy,Florida,Fort Myers,388,Fiberod,370%,Computer Hardware,Texas,Big Spring,389,Visual Apex,370%,Government Services,Washington,Bainbridge Island,390,Argotek,,370%,Manufacturing,Virginia,Chantilly,391,MaxStream,367%,Utah,Lindon,392,Novae,366%,,Indiana,Markle,393,Electronic Data Resources,365%,,Florida,West Palm Beach,
394,BuyOnlineNow.com,,365%,Business Products & Services,Minnesota,Rochester,395,Private Eyes,364%,Human Resources,California,Walnut Creek,396,Hire Expectations,364%,IT Services,Michigan,Livonia,397,Miro Consulting,362%,Human Resources,New Jersey,Woodbridge,398,Talon,362%,Insurance,New Jersey,Princeton,399,FirstComp,361%,Software,Nebraska,Omaha,400,Agentek,,359%,IT Services,Georgia,Alpharetta,401,Hosting.com,359%,Colorado,Denver,402,VerticalResponse,358%,Advertising & Marketing,California,San Francisco,403,Brooklyn Industries,356%,Retail,New York,Brooklyn,
404,Cape Fox,,356%,Government Services,Alaska,Ketchikan,405,Integrity Applications,356%,Government Services,Virginia,Chantilly,406,PrimeMedical Supply,356%,Human Resources,Maryland,Hanover,407,Precision Staffing,355%,Telecommunications,Kentucky,Lexington,408,Dow Networks,354%,Software,Georgia,Atlanta,409,ScriptLogic,354%,Retail,Florida,Boca Raton,410,Ambient Weather,,354%,IT Services,Arizona,Chandler,411,Maxil Technology Solutions,353%,Illinois,Oakbrook,412,Ace Holding Co.,353%,Engineering,Indiana,Indianapolis,413,Infoscitex,352%,,Massachusetts,Waltham,
414,CodeCorrect,https://inc.com/30under30/deluca.html,352%,IT Services,Washington,Yakima,415,Paradigm Infotech,351%,Software,Maryland,Columbia,416,Ameritrust Mortgage,351%,Food & Beverage,North Carolina,Charlotte,417,Salary.com,349%,Retail,Massachusetts,Waltham,418,Signature Wines,349%,Health Services,California,Hayward,419,Diamond Wireless,348%,Business Products & Services,Utah,Salt Lake City,420,Bodybuilding.com,,348%,,Idaho,Boise,421,athenahealth,347%,Massachusetts,Watertown,422,Crown Partners,347%,,Ohio,Dayton,423,J.Y. Legner Associates,346%,,Kentucky,Louisville,
424,Corus Home Realty,,346%,Real Estate,Virginia,McLean,425,ITAC Solutions,345%,Human Resources,Alabama,Birmingham,426,Abacus 24-7,344%,Retail,Arizona,Phoenix,427,HireRight,344%,Human Resources,California,Irvine,428,RhinoCorps,341%,Education,New Mexico,Albuquerque,429,LoopNet,341%,IT Services,California,San Francisco,430,Contours Express,,341%,Financial Services,Kentucky,Nicholasville,431,Rosetta Stone,341%,Virginia,Arlington,432,Primescape Solutions,340%,,Virginia,Herndon,433,DLC,340%,,California,Woodland Hills,
434,Stream Companies,,340%,Advertising & Marketing,Pennsylvania,West Chester,435,Securify,339%,Manufacturing,California,Cupertino,436,Buck Engineering,338%,Retail,North Carolina,Cary,437,Hartmann & Forbes,337%,IT Services,Oregon,Tualatin,438,BizChair.com,337%,Energy,Georgia,Canton,439,TechniGraphics,337%,Construction,Ohio,Wooster,440,altE,,336%,Software,Massachusetts,Hudson,441,BannerElk Trading,336%,Georgia,Atlanta,442,IPG Photonics,335%,,Massachusetts,Oxford,443,Jive Software,334%,,Oregon,Portland,
444,Correct Building Products,,333%,Manufacturing,Maine,Biddeford,445,Dynamic Restoration,333%,Health Services,Pennsylvania,West Chester,446,Schaller Anderson,332%,Financial Services,Arizona,Phoenix,447,StarMine,331%,Financial Services,California,San Francisco,448,Global Forex Trading,331%,Business Products & Services,Michigan,Ada,449,Integrated Management Services,330%,Food & Beverage,Mississippi,Jackson,450,Potbelly Sandwich Works,,330%,Human Resources,Illinois,Chicago,451,FootBridge,330%,Massachusetts,Andover,452,Veroxity Technology Partners,328%,Telecommunications,Massachusetts,Bedford,453,Partsearch Technologies,328%,Retail,New York,New York City,
454,ZapTel,,327%,Telecommunications,Illinois,Elk Grove Village,455,CarterBaldwin Executive Search,327%,Business Products & Services,Georgia,Roswell,456,MoreVisibility,327%,Advertising & Marketing,Florida,Boca Raton,457,Specialty Bottle,326%,Media,Washington,Seattle,458,DailyCandy,326%,IT Services,New York,New York City,459,Genilogix,325%,Financial Services,Pennsylvania,Blue Bell,460,Cynergy Data,,325%,IT Services,New York,Long Island City,461,Orion Energy Services,324%,Wisconsin,Plymouth,462,Stratix,324%,Advertising & Marketing,Georgia,Norcross,463,Experion Systems,324%,,Massachusetts,Maynard,
464,Paragon Plastic Sheet,,323%,IT Services,Louisiana,DeQuincy,465,Creative Information Technology,322%,IT Services,Virginia,Falls Church,466,Asynchrony Solutions,322%,Business Products & Services,Missouri,St Louis,467,GeoLearning,322%,Real Estate,Iowa,West Des Moines,468,CoreLogic Systems,322%,Logistics & Transportation,California,Sacramento,469,KNL Enterprises,322%,Business Products & Services,Georgia,Atlanta,470,Logistics Management Solutions,,322%,Business Products & Services,Missouri,St Louis,471,Appletree Answering Service,321%,Delaware,Wilmington,472,Think Ink,321%,,Maryland,Gaithersburg,473,American Legal Search,320%,,Alabama,Birmingham,
474,LatiNode Communications,https://inc.com/magazine/20061101/handson-sales.html,320%,Software,Florida,Miami,475,SP Systems,317%,IT Services,Texas,Houston,476,kgb,316%,Business Products & Services,Maryland,Greenbelt,477,Sidump'r Trailers,316%,Manufacturing,New York,New York City,478,Newcastle Construction,315%,Construction,Nebraska,Plainview,479,Kaizen Technologies,315%,IT Services,Alabama,PELHAM,480,DataCert,,315%,Business Products & Services,New Jersey,Edison,481,Corporate Research International,314%,Ohio,Findlay,482,QuantumDigital,313%,Advertising & Marketing,Texas,Austin,483,RDI Diamonds,312%,,New York,Rochester,
484,New Media Strategies,,312%,Manufacturing,Virginia,Arlington,485,BestNest,311%,Health Services,Ohio,Cincinnati,486,AbsoluteHire,310%,Human Resources,California,Roseville,487,All Fund Mortgage,310%,Business Products & Services,Washington,Tacoma,488,PCO,310%,Travel & Hospitality,Washington,Liberty Lake,489,Alere Medical,309%,Software,Nevada,Reno,490,ResultÃ© Universal,,308%,,Texas,Dallas,491,VitalSmarts,308%,Utah,Provo,492,Vantage Hospitality Group,308%,,Florida,Coral Springs,493,Autobase,308%,,Indiana,Indianapolis,
494,HT Concepts,https://inc.com/magazine/20050401/26-markoff.html,307%,Retail,Ohio,Botkins,495,Column Technologies,307%,IT Services,Illinois,Downers Grove,496,Americhip,307%,Advertising & Marketing,California,Torrance,497,The Great American Hanger Co.,306%,Food & Beverage,Illinois,Chicago,498,LightWedge,305%,Consumer Products,Florida,Miami,499,Apex Environmental Engineering & Compliance,305%,Consumer Products,Massachusetts,Newton,500,Vosges Haut-Chocolat,,305%,Business Products & Services,Florida,Orlando,,,,,,,,,,,,,,,,,,
